время,адрес,символ,вердикт,цена_$,капитализация_$,ликвидность_$,топ10_%,предупреждения,график
2026-09-25 12:59,5g9PWcRUHpmqm5uKycpShKXJB18sGLeCEzgB3qrRpump,SWARM,ЖЁЛТЫЙ,0.0002315,214701,43886,19.1,"Ликвидность $43,886 — низкая | Паре всего 1.2 ч — большинство рагов происходит в первые сутки",https://dexscreener.com/solana/ftjga524yrs7rpzgccezmuqnfdya8pcvwdy5mfmzk5dy
2026-09-25 13:00,AQVcP67EpMyu4cBZZjqMu91cVsWy1aX98JmcZm1FyY9,AQUA,ЖЁЛТЫЙ,0.001793,1793614,221960,17.2,У создателя 3.8% монет,https://dexscreener.com/solana/9tt3nbwogwjbqh7b3s1hfcqyf7vjhmg8uncxdjtprnh4
2026-09-25 14:29,J141JCiXKGcrhDCgWUTCL9qz7h943iCibNiLNfqZpump,0xquit,ЖЁЛТЫЙ,0.0001713,171334,37471,18.9,"Ликвидность $37,471 — низкая | Паре всего 0.7 ч — большинство рагов происходит в первые сутки",https://dexscreener.com/solana/8r4ddi9x3rblr876hhrjcv4gvsy8d9skabgb8yihapo9
2026-09-25 15:20,F9PvspnWkP3hSLaYxQb2LvFRBgyrLVhdUJ5q39tZZPbC,BRICK,ЖЁЛТЫЙ,0.0003711,371105,59097,24.3,Паре всего 0.5 ч — большинство рагов происходит в первые сутки,https://dexscreener.com/solana/dftbcyrfzrkm5hvp9slksdrhzsn4aftlqzabxes1rzt7
2026-09-25 15:50,ATqKVVa4h5WqjAMqJdG3mjtWXsW5SshyyUY7dXdvSvRs,BackCat,ЖЁЛТЫЙ,0.0003421,342139,66010,17.8,Паре всего 0.3 ч — большинство рагов происходит в первые сутки,https://dexscreener.com/solana/hvmzluap3tgv2dqa8nh6po1ncf6g2wlymzr3xuxgsw6b
2026-09-25 15:55,BxftAowY2dVa2h9KMqDTPk4oMxzU9k6uVbZuoorXpump,Holdoween,ЗЕЛЁНЫЙ,0.001620,1576275,124461,21.6,,https://dexscreener.com/solana/apy5fshcdsldyysh4hwgy8zsfj4at8fbkehzf3d72e9k
2026-09-25 16:06,5hnUsEmCXNycRztDGkbDdeveyCaWJoG3rYUW3wtzpump,JEANCAT,ЖЁЛТЫЙ,0.0001975,197520,39640,13.4,"Ликвидность $39,640 — низкая | Паре всего 0.3 ч — большинство рагов происходит в первые сутки",https://dexscreener.com/solana/5xaglh3upo8cxlvsolpxkbxhmexgthfahbvhzbqkcsrd
2026-09-25 16:11,BjTykKGejK3y5ixdCkZYLE8yKmwPmYLvB3PkpRL3pump,BROKE,ЖЁЛТЫЙ,0.0002309,230927,43119,3.6,"Ликвидность $43,119 — низкая | Паре всего 0.6 ч — большинство рагов происходит в первые сутки",https://dexscreener.com/solana/4rk1ng2grac7tukhqxnur52rsozdarqx7seg9hztfxue
2026-09-25 16:16,3C4izUmGYWv8fqDxz35T3oVHbAxwdsfsv92cbXCJpump,WAO,ЖЁЛТЫЙ,0.0001781,178159,37002,14.5,"Ликвидность $37,002 — низкая | Паре всего 0.3 ч — большинство рагов происходит в первые сутки",https://dexscreener.com/solana/cecglhxfvhxye7qbxjjpkcxxv5mfwh5jgjmuy6nkej7z
2026-09-25 16:26,6BZY2BgeqVKEYCTgU9Q9oUwx6bDqv32djy6WGaXTci1i,WODL,ЖЁЛТЫЙ,0.0003579,357999,54512,27.9,У создателя 9.4% монет | Паре всего 0.6 ч — большинство рагов происходит в первые сутки,https://dexscreener.com/solana/bgu3dh5p46ju3jp67vkzla9dbhbncq1l9wusyqmh3vc7
2026-09-25 16:41,2VeuwcJYtu9P1g27a1UahFsJmVZRBWfBvLJcuzvApump,GOCAT,ЖЁЛТЫЙ,0.0001510,151011,34174,2.7,"Ликвидность $34,174 — низкая | Паре всего 0.6 ч — большинство рагов происходит в первые сутки",https://dexscreener.com/solana/7exzppqwwxbuf92bvggser6s1ane28po75rwwz1tng4g
2026-09-25 17:07,DjUwjdo4eujo8wq9hjdiz8o54hxgGaQ6U61JHixqpump,MEOWLIN,ЖЁЛТЫЙ,0.0004230,423035,61714,12.1,Паре всего 0.3 ч — большинство рагов происходит в первые сутки,https://dexscreener.com/solana/9nj2lihfrz7ogdsqbh22arpsvczdbxzhvdchla14bqy5
2026-09-25 17:12,DYM6DRb9W7dQa58Jn717dDSVKP5KwDSevdptfwwcpump,BackInu,ЖЁЛТЫЙ,0.0001468,146861,33604,4.1,"Ликвидность $33,604 — низкая | Паре всего 0.3 ч — большинство рагов происходит в первые сутки",https://dexscreener.com/solana/enzleu9cogxhz5ggtvq6y5vrjbaz43vpriwqzcszxpfp
2026-09-25 17:38,2JyZvV9dRBkSBdeh8moXTkgmiksdGAzeAsU9s79Vpump,APE,ЖЁЛТЫЙ,0.0002631,254437,45829,15.0,"Ликвидность $45,829 — низкая | Паре всего 0.8 ч — большинство рагов происходит в первые сутки",https://dexscreener.com/solana/2mnfdyk6kpktsgp2xxr727nkmeutcxxig12suvrajmgo
2026-09-25 17:43,DHMa4M7rdTp2Q5PbqTGDwZjdCQX7BUqArKUDBrJNpump,BONGO,ЖЁЛТЫЙ,0.0001353,135376,32165,2.8,"Ликвидность $32,165 — низкая | Паре всего 0.3 ч — большинство рагов происходит в первые сутки",https://dexscreener.com/solana/2jh8wmewckznpp48i9uegwvijibx2ctbld7td2mbbg8g
2026-09-25 17:43,8Vte25yt28L8BfLXm8DrzjSYEyaKX8yry6hRKRmX7FGd,UPTOBER,ЗЕЛЁНЫЙ,0.0003106,302084,53633,16.7,,https://dexscreener.com/solana/hjha6afiuqvr4nuscs7zar775427pjtvfqj3kmlgp9wl
2026-09-25 17:59,8d6FRAKPvbr8inGe1C4NaEqd2GiBZXN2RE5ak7Qapump,Mooncake,ЖЁЛТЫЙ,0.0001649,164991,35957,5.8,"Ликвидность $35,957 — низкая | Паре всего 0.2 ч — большинство рагов происходит в первые сутки",https://dexscreener.com/solana/89qwbnrrhpgjewjfyazderafpvtj5ruwv4ypbl6bigtk
2026-09-25 17:59,4G5YDqDvwgwSS3nLPDGDpGuetbG7rZYzNSBb1U4Tqbzi,ARENA,ЖЁЛТЫЙ,0.0004353,431818,60751,16.9,Паре всего 16.2 ч — большинство рагов происходит в первые сутки,https://dexscreener.com/solana/rbhypns9j1wybsssvorm9nxt8hlvsdv3yeczwgmv68t
2026-09-25 18:04,EfBRerdWRTVaXQHFejysTFjqU4EX2qDZuV9dj61tpump,LFG,ЖЁЛТЫЙ,0.0001978,197850,40215,4.6,"Ликвидность $40,215 — низкая | Паре всего 0.7 ч — большинство рагов происходит в первые сутки",https://dexscreener.com/solana/esndsngdpxa3iextcdmv98zwzaxvte5bui9mhkxoean6
2026-09-25 18:14,3f9gHGMaVy2EXFwv4sDixWZHFohUswLpFFwFS3PQpump,AMD,ЖЁЛТЫЙ,0.0001926,192659,39015,3.1,"Ликвидность $39,015 — низкая | Паре всего 0.2 ч — большинство рагов происходит в первые сутки",https://dexscreener.com/solana/ggsafebytsohgywlh6sjepymmyhsvmn4yi1jcwjx52uv
2026-09-25 18:15,n5Vu8DPpmJLthvkRH33N5uLHz9ZxkdErE8MfTFBpump,BACKPACA,ЖЁЛТЫЙ,0.0003077,307770,49722,1.6,"Ликвидность $49,722 — низкая | Паре всего 0.4 ч — большинство рагов происходит в первые сутки",https://dexscreener.com/solana/ef44a8br16zbmknvkbr4pgyawcvdlvvxkzoxmkpgpguu
2026-09-25 19:11,ZEtX7MPVZSKjBq6pD72tjb89KGJxSZNWjRqZEdASrXE,ORCAT,ЖЁЛТЫЙ,0.0002039,203954,51441,19.7,Нет сайта и соцсетей в DexScreener,https://dexscreener.com/solana/bazv9dxwie182bxcmbd6ieymsm1bvk9wsrmmk1nagqdc
2026-09-25 19:17,8SerkEicthsnmh5hVubrH5GxSCwJD2FYK5MgnA96pump,PUMPGO,ЖЁЛТЫЙ,0.0001754,175451,37083,3.1,"Ликвидность $37,083 — низкая | Паре всего 0.2 ч — большинство рагов происходит в первые сутки",https://dexscreener.com/solana/bwjnkqyywn3mgomq1zssr9gm6tz9dpppmvaytjvy4uyu
2026-09-25 19:22,3V43dHnk3kkU3w8RnxEsmbJcHQppGjTJ3Mni3owDpump,SHIBA,ЖЁЛТЫЙ,0.0005798,579801,72692,8.7,Паре всего 0.2 ч — большинство рагов происходит в первые сутки,https://dexscreener.com/solana/fqhxeafzp5djpqjjv1getmadgu7bctkpirgci3ttcfxz
2026-09-25 19:38,CbouD8khLcz1Y1QngvRtQufUimSRKpHkvGn6y1n8pump,UTILITY,ЖЁЛТЫЙ,0.0001680,164578,37757,14.7,"Ликвидность $37,757 — низкая",https://dexscreener.com/solana/9dyeuzaeny1tfkwkr4rv8mgzcawww4pkubyhbkug85oz
2026-09-25 20:03,CyKDftwgNsifHhno7o2Ypz35238LYK4wrJruWq3Npump,DOGRILLA,ЖЁЛТЫЙ,0.0001414,141476,32653,23.8,"Ликвидность $32,653 — низкая | Паре всего 0.3 ч — большинство рагов происходит в первые сутки",https://dexscreener.com/solana/6el3nrupyusmqfbsfdqlq1rdthok4fkast1px39vuyef
2026-09-25 20:03,FYZcYCHSp8FzNba1UtDZydKKGosmxVNpFBiVuia38AhT,MONARK,ЖЁЛТЫЙ,0.0001546,147411,35426,25.2,"Ликвидность $35,426 — низкая",https://dexscreener.com/solana/ghcgq9qtcbwzvpby4fzfvxvenwe1syrylugacgj3lhvg
2026-09-25 23:09,Adgt7dseCq71eN6GDuoUgpsNQp81ZNhq24nrF7pxpump,Noiz,ЖЁЛТЫЙ,0.0001049,100217,38191,19.8,"Ликвидность $38,191 — низкая",https://dexscreener.com/solana/8zvwlfww8kpbkotgdufn6bwtg6z12sfrehbuzm6uurvs
2026-09-25 23:09,D1YZZg9dBZ7AbfknZVbaeVLto36eySwoFYEVhZrD4F4n,GO,ЗЕЛЁНЫЙ,0.008672,8577356,279521,19.3,,https://dexscreener.com/solana/chejuxvqrmpeb4ufwhz72afqptkm7aeb8giyznr7cpvh
2026-09-25 23:25,4ec7Lf7JuCYQVQnUJCzpW5YvaPMNEAeqDRwGcU5n9GGJ,SATOSHI,ЖЁЛТЫЙ,0.0001136,113629,30882,20.0,"Ликвидность $30,882 — низкая | Нет сайта и соцсетей в DexScreener",https://dexscreener.com/solana/91gjfa4mgvqs5kcr6ugh9toqcrjk3jisptpnhkzdqhnx
2026-09-26 00:53,8iYPW781jBDu8zkC6PFY8WpvtbHxSVMgBX8aPnNmRY3z,EMBERCAT,ЖЁЛТЫЙ,0.00007668,76674,35224,19.8,"Ликвидность $35,224 — низкая",https://dexscreener.com/solana/eizvarbxzfx9xbmtjygs8lu8rbjwhv2bw9zg82cxceku
2026-09-26 10:18,SPqTn8KkooByR41x3SsaNxGxXDqPFFRXR2Kkt8TJhSK,ANSEM,ЖЁЛТЫЙ,0.0001238,118902,36556,26.6,"Ликвидность $36,556 — низкая",https://dexscreener.com/solana/ajobmnq3magblwronsoccobbe7gbsffshhnrug8grua6
2026-09-26 10:18,2hbzoDxzvyspvXhxFkHkuxRNDyo3j2Z6aXUDy1A7pump,ElNiño,ЖЁЛТЫЙ,0.0001545,154489,41178,25.9,"Ликвидность $41,178 — низкая",https://dexscreener.com/solana/hxbeye1j7izffy7yl5793hbegntlb6swn6zdrxullrft
2026-09-26 10:18,AHFXxCjJmgsK9PtGsHrdAAG9yKip8xAM89SvGJ4Dmoon,JBMB,ЗЕЛЁНЫЙ,0.0006754,675492,74000,11.8,,https://dexscreener.com/solana/146jcxtjs7p14y1vopfxnfqoudqzdca78kpnthtzpugd
2026-09-26 15:09,aqQRs3UJmHs7ktoLo46HZAzvG9P3oCoZ41nENqFbory,PIE,ЗЕЛЁНЫЙ,0.7369,350018,63568,24.5,,https://dexscreener.com/solana/h1hkfyy8ga3oybkxk4htiezfpbsdh8ot5bsbrjjqj79v
2026-09-26 21:22,CSrwNk6B1DwWCHRMsaoDVUfD5bBMQCJPY72ZG3Nnpump,Franklin,ЗЕЛЁНЫЙ,0.00006162,59913,51372,16.1,,https://dexscreener.com/solana/8wxzwpljk6qjmyyc1vhuennxrvw2nfgvqjgenv4mv8sy
2026-09-26 22:04,7GUnr7krtQhJwd6ASY2VUprd9t4c64zcgCsjdmZepump,NPC,ЖЁЛТЫЙ,0.001085,1004195,122191,20.3,RugCheck: Copycat token — This token is using a verified tokens symbol,https://dexscreener.com/solana/brjma8ualnp3ditkhfdean5riqrypoayez7khywd4oes
2026-09-26 22:35,4Ge6ejgv7KJHqDgML3w2S48rntuZQ4KZ9WGEVeibpump,FTZNFRTZ,ЗЕЛЁНЫЙ,0.0007886,695223,85760,17.1,,https://dexscreener.com/solana/eph5wmfa4x5zbdyqeij96rjpd1n6iwijhaxgz5rtzrly
2026-09-26 23:01,HgcxVs6kJhPAaGqnPNGaa7zYgNT49hJrLufiqcNMuYZT,FEELSGOOD,ЗЕЛЁНЫЙ,0.002079,2079439,156632,18.9,,https://dexscreener.com/solana/8v79sjmpkrux2emzbs8ukmfdrclabszboc4ej5kowvc5
2026-09-26 23:26,7cXWSNTq71PZREBmGCBvZirkNwoGokWBQz9fWferViiV,ASTEROID,ЖЁЛТЫЙ,0.001651,1590430,125590,31.7,Топ-10 кошельков держат 31.7% — высокая концентрация,https://dexscreener.com/solana/4ae7ryyhugztsy3rdkq51bvnkarj2e7nju7jpwxzhc3q
2026-09-27 00:13,HaYRgD7rjwj1AwoWjafokj4196sufYm4vKFamLZVpump,ARCHIBROWN,ЖЁЛТЫЙ,0.0001260,112307,34843,20.8,"Ликвидность $34,843 — низкая",https://dexscreener.com/solana/4giaj2vcynsueevpcrv8hu4qmlm8mxzbpsrx2exhauvz
2026-09-27 08:25,44J1LiJu17k25UDCjoJ3H2EMbbne5dmqn576J4ZNyBYT,MINECOIN,ЖЁЛТЫЙ,0.0001039,103943,34175,30.5,"Топ-10 кошельков держат 30.5% — высокая концентрация | Ликвидность $34,175 — низкая",https://dexscreener.com/solana/bfkrmjenfavw8telnpkt7be7d3kldqx6eti2ykjspywx
2026-09-27 09:46,5GefefPX1mDs6ZJB1apYmz6fCTCiNJpHturZ9bvFpump,Pumpoween,ЗЕЛЁНЫЙ,0.0006395,601274,74446,25.4,,https://dexscreener.com/solana/8nvfb1unnk9adtl5hoof8hahf2rt4glpwx9cteadikhg
2026-09-27 10:57,Hd6U8SfLWCZCREYrT5XfwK2Nzat5QB3B8pbBvST4Tg5X,mog,ЖЁЛТЫЙ,0.0002121,206896,44078,22.6,"Ликвидность $44,078 — низкая | Паре всего 7.6 ч — большинство рагов происходит в первые сутки",https://dexscreener.com/solana/eb8mdkhhdwzbfhcqqexvuygh35zr9mjortasi1yka8pr
2026-09-27 11:53,udPEzBjbGMzYZbuLtByqLYhc4TEs6EebG8R7fwdpump,TEXTIT,ЗЕЛЁНЫЙ,0.01879,18613887,504612,5.5,,https://dexscreener.com/solana/8v6b3ctop5bvqwxersrueujdcfemdyqjkj7tutsxq1cm
2026-09-27 12:29,9GTFD2DHo1KHd73smcpJtdTEvA6C5zzXxoWzjnb51c8,ACAT,ЖЁЛТЫЙ,0.0007694,769495,85826,23.4,Нет сайта и соцсетей в DexScreener,https://dexscreener.com/solana/t94krafpxapf2pv64ny2yf23csvleyzxmstnrphdbus
2026-09-27 19:28,CC5D6puFmcsnGaJh7kNXeAcRpL2SZzQfoQezvx45uKjt,WORLD,ЖЁЛТЫЙ,0.0003656,351776,57037,,Нет данных RugCheck — проверка неполная | Паре всего 11.3 ч — большинство рагов происходит в первые сутки,https://dexscreener.com/solana/fgxmnchtt8tqc8mehgwiwhruhhuhcmazcvgayuacmghz
2026-09-27 23:47,HgoScXAo4zFv5kDb6axGrwuz95FaVEcLskyDVZfo297z,MARTIANS,ЖЁЛТЫЙ,0.0006920,674405,82326,24.1,Паре всего 13.9 ч — большинство рагов происходит в первые сутки,https://dexscreener.com/solana/fdl11uu5yrncybeptpa3t2vqjuqi4qo1uzj4pvkuqj4d
2026-09-27 23:58,7BN68PVzqWV6EjK8J8Y6Q1h5C8FFD5ZRZVscXyJDpump,20xx,ЖЁЛТЫЙ,0.0002842,274365,49893,23.8,"Ликвидность $49,893 — низкая | Паре всего 14.0 ч — большинство рагов происходит в первые сутки",https://dexscreener.com/solana/gvdferkq5mvvpheriajrjarakyqquxxiybwdzmoxs3tk
2026-09-28 18:17,82ezhRLKdKwkSC9jkM3js1yf93VbmvLXNMPkBmompump,SI,ЖЁЛТЫЙ,0.00009780,95486,31347,23.4,"Ликвидность $31,347 — низкая",https://dexscreener.com/solana/3odkxofb7kvujarfolbcqbbzv93r9njjr9kqth5ckdkt
2026-09-28 18:17,7nLukVng5teXze14rum9v57juXLjUp7JJnCveko1pump,Martians,ЗЕЛЁНЫЙ,0.0002533,242732,62321,23.5,,https://dexscreener.com/solana/42srahwlaltsf9uhs8jsjvwjjxj5glbenqcjxkyk4eho
2026-09-28 18:17,7tAnusL3srXjzEriVL86a23KgwDZKXJTZ2ezEUubonk,AI,ЗЕЛЁНЫЙ,0.0001219,121998,55988,20.2,,https://dexscreener.com/solana/dpawppcceyb99wnncoqsmgexauhnmqfxe79mnnvvtphc
2026-09-28 19:40,EGTFrUPym8JnEMAddZjuhBkcSGEGTM75qymxUZgTpump,Lobby,ЖЁЛТЫЙ,0.0001100,104812,34495,23.1,"Ликвидность $34,495 — низкая",https://dexscreener.com/solana/b3qkplfqmioyc5yaahtkrcrzrtbfdcpztxcxhwd83urk
2026-09-28 20:05,F9SAHZVQ7U1mgx8V9Xk1a1EgPtrEVsxQJZa9CUw8uQSp,LOOT,ЖЁЛТЫЙ,0.0001298,129809,38721,24.4,"Ликвидность $38,721 — низкая",https://dexscreener.com/solana/bh4spn8phznouga5hbu4zhkx5dppfsosxuvw8fbmlb8g
2026-09-29 00:50,CaWZeUM4FvX9dPkjGc2xHS6tSN3qJfTWyvaG77aM5o7h,AGI,ЗЕЛЁНЫЙ,0.0008485,848522,137904,23.4,,https://dexscreener.com/solana/dph4cfctg8yycpzp6zvmhqjz1thsvbykabbljhlbvitw
2026-09-29 04:52,2pouN3by7twkiZGy5aEKYUpf78ALDpKRTNu2WsQkpkqt,BUTT,ЗЕЛЁНЫЙ,0.0006780,678047,103407,18.6,,https://dexscreener.com/solana/cu7rg8zeonl7twieymshwqcdxrtqlcwivw8ns1xvsbkw
2026-09-29 16:39,6zkvGacejiBiF3tzY1kjdQCoMBo4WvH6MeavQq8hqTQq,PAIR,ЖЁЛТЫЙ,0.004184,4184036,118964,9.9,RugCheck: High holder correlation — The top users hold similar supply amounts | Паре всего 8.7 ч — большинство рагов происходит в первые сутки,https://dexscreener.com/solana/5jgehmtg9crxqf7etezfthtzwcp6zvwnghvjmqvr1vfv
2026-09-29 16:39,7MCgYMzq3fov6oERdtTMAYbN2U9LZrrSYS1MBhjixZFr,POLLY,ЗЕЛЁНЫЙ,0.001494,1494737,144212,23.6,,https://dexscreener.com/solana/bykfqbgyhqj1hmeuouxfueljeu1shdjz3umtd1yxguns
2026-09-29 18:40,EU5WWxWBjDzfs3pvb6N7yuc6gBfo5Ltao6qfdXDiH2U3,SLATE,ЖЁЛТЫЙ,0.2493,249338,65436,35.7,Топ-10 кошельков держат 35.7% — высокая концентрация,https://dexscreener.com/solana/a5gamkj9qwkzevc76d1znuvkh8ayqarozafbcn3gdgqt
2026-09-29 18:40,68fn2tLABKmS7VA9Eaz3n6RfoXM3iBWUACckT9dwpump,HAPPY,ЖЁЛТЫЙ,0.001587,1545322,118782,24.7,У создателя 6.6% монет,https://dexscreener.com/solana/56qfhmpdtjjghge6khkdfdxrpnbmda3dswvf6ikwbwvi
2026-09-29 23:49,HeC2xWqGT9gPfdvaMuqxPo2bUQ1XgY5wRtnrwTEHpump,BELIEVE,ЖЁЛТЫЙ,0.0005051,418507,110842,39.4,Топ-10 кошельков держат 39.4% — высокая концентрация,https://dexscreener.com/solana/ebbgbx2l4uyanypmz1xtsly84ewcbdmccrzsvv6kj4a3
2026-09-30 05:45,DeqsPTYwvsNjkf5G8zDxziUnFPp55nQZA4vrNM2apump,QNT,ЖЁЛТЫЙ,0.0001694,160827,39068,28.9,"Ликвидность $39,068 — низкая",https://dexscreener.com/solana/cgkib1wym8pnd98eu92gt6bec8q81plv59urhhwfwu41
2026-09-30 16:49,8StnEDgfxfvxpCUUMH9ChXaqAkGGtxvnfxCAYHYnPXja,FLOPPY,ЖЁЛТЫЙ,0.0001608,160900,38622,28.0,"Ликвидность $38,622 — низкая",https://dexscreener.com/solana/8jvjndwnkofj9v3tkuyrpptdqznxuj5ljnhlcpm8hraa
2026-09-30 16:50,EWgq2xUb6eVCApeQombkPxd6uFjM8j9zRUXFS9MjKTiv,CTO,ЖЁЛТЫЙ,0.0001475,127751,38431,36.4,"Топ-10 кошельков держат 36.4% — высокая концентрация | Ликвидность $38,431 — низкая",https://dexscreener.com/solana/3364h2g3kt536qgfv4az9hhn42i4owxgpcs4luenhcba
2026-09-30 17:36,HppB5rMgVsUqua42N2TEDcjwy7gLuAm6dq5qMSLZpump,PUMPGU,ЖЁЛТЫЙ,0.0001310,130990,34094,23.6,"Ликвидность $34,094 — низкая",https://dexscreener.com/solana/a41qkph6g4zqwwq9av4mmzkrph5hdvujgn8w6kmqf7o1
2026-09-30 18:01,5THtNEGTF1y67eRWvcgz3MomDZePCVx1xdskHHeCpump,Saturween,ЖЁЛТЫЙ,0.0001793,174065,41385,22.9,"Ликвидность $41,385 — низкая",https://dexscreener.com/solana/hjzmbptzguq5nkss7crdv4ooxfyklv7p5awiqysbddq2
2026-10-01 06:38,H8WTvo3ZXSYHJAcYqzCforbG8coR1FDAX2kHFfqHBAGS,BAGSPAY,ЖЁЛТЫЙ,0.0009456,945519,136917,21.3,RugCheck: Mutable metadata — Token metadata can be changed by the owner,https://dexscreener.com/solana/dxsbgayrefnfxgu9tec17n4usq5jjy4zf9djt7rblrgf
2026-10-01 09:06,7MuvW6G2pDTGSjzpjqeDYigUsXqqd6TmEzLgvRRopump,USDF,ЖЁЛТЫЙ,0.0007888,746075,79522,20.2,RugCheck: High holder correlation — The top users hold similar supply amounts | Нет сайта и соцсетей в DexScreener,https://dexscreener.com/solana/aqp9ekhgp1u35usbdayglpgnvzuyezlshfxfzkw3cye9
2026-10-01 18:58,H4KUxsEgCp2yDpFvyDuGM5k6XevSKKrrKUxZ3Zr6nyJc,COCKROACH,ЗЕЛЁНЫЙ,0.001520,1503222,187701,19.9,,https://dexscreener.com/solana/9gcc8ykhfgfdgjvldum58feepvz8k5yjzk2v69f6uf25
2026-10-01 19:03,GfkfESc5A4EkxCGWsymNY4ZfkCDdvtB7ajCybLfYL1Qq,AOC,ЖЁЛТЫЙ,0.0001495,149543,45427,27.5,"Ликвидность $45,427 — низкая",https://dexscreener.com/solana/hwgqlubjsqyqcuctqm9w9yjnfknpuvz4dq3us2vvvt3t
2026-10-01 19:19,Edpcd9aYh6BVRKV5hYrgnEuJ3MHAFcdnHtSL9yvopump,Pinata,ЖЁЛТЫЙ,0.0002551,245134,47328,21.9,"Ликвидность $47,328 — низкая",https://dexscreener.com/solana/braoezs1zhzdqwqwkwnh3z4ouylxvlcvglpfhhbvzcht
2026-10-01 20:26,8oMvxgcBJtDGNSc8kogCEEFxSvvi7x6jHRfSWaiWpump,DOMAIN,ЖЁЛТЫЙ,0.0006526,624268,78220,21.6,Паре всего 19.3 ч — большинство рагов происходит в первые сутки | Нет сайта и соцсетей в DexScreener,https://dexscreener.com/solana/dh12ke1gyoxqcujh9oyknmwjknnnugvbszznbrmvpwh
2026-10-02 02:14,HSUMi4rMgjrx7zRUabw3ogGu1pa5hmF2eVcXj9Apump,goon,ЖЁЛТЫЙ,0.0001585,154971,47246,18.8,"Ликвидность $47,246 — низкая",https://dexscreener.com/solana/9pyormkwiwyaalgwknnbjseqkk79hporalgqhmfy4fuv
2026-10-02 02:14,9aqmJjCnnMQv42TXLk921ceUkN35nea2QP969n1caqjj,SI,ЗЕЛЁНЫЙ,0.003803,3693985,254140,18.9,,https://dexscreener.com/solana/21bzhy2krovkgtyz8hfoetki2134mg2jywgc49uv5pyi
2026-10-02 15:27,7KEPApdbBMByrmqihz3bht2uMhFQcatjfSFQCKq66kH3,DARK,ЖЁЛТЫЙ,0.0004162,416250,59889,10.5,Паре всего 18.9 ч — большинство рагов происходит в первые сутки,https://dexscreener.com/solana/cprsvqk2riv3wmtewkk9m6cm62zaaqldarabbmn3pe4f
2026-10-02 16:39,3iUTyNYW6xKv5kZUjtbrEDTsuJTrSVwvB3bQtxkLpump,bukangi,ЗЕЛЁНЫЙ,0.0003539,345652,75492,21.7,,https://dexscreener.com/solana/si9vphxmqjfqobwawhuuthrragjyb2fbfkqwyx2gpuc
2026-10-03 00:24,rizo34MUwbCBqpSTSfnEktdWB4CTByqqYh8zBxL3WAR,RIZO,ЖЁЛТЫЙ,0.000001006,423191,173282,16.3,RugCheck: Mutable metadata — Token metadata can be changed by the owner,https://dexscreener.com/solana/6nmicc4qsxqjsnywgprbvtij7gdhfdtud71eegqapqav
2026-10-03 00:25,9AvytnUKsLxPxFHFqS6VLxaxt5p6BhYNr53SD2Chpump,67,ЗЕЛЁНЫЙ,0.002686,2685161,429474,17.9,,https://dexscreener.com/solana/dmafl613xtipua3jfnyczavwt7xsiyf9cr3qmrmzqhb6
2026-10-03 01:38,148fJTrVybPyQqzTxNzfLQq5sxVkMfmV2cLpAyVnNCX3,ZAZA,ЖЁЛТЫЙ,0.0001080,108077,35927,34.0,"Топ-10 кошельков держат 34.0% — высокая концентрация | Ликвидность $35,927 — низкая",https://dexscreener.com/solana/akmxsy6blnkt3dqkkmrfa4u5rnl8hxcb48jgcpwftzxd
2026-10-03 03:25,8f5m7Y8po64WviteV1LKnN43M8Z8gUvDnNWRkDK1aSXo,LLAMA,ЖЁЛТЫЙ,0.0004327,432763,60816,14.8,Паре всего 18.1 ч — большинство рагов происходит в первые сутки,https://dexscreener.com/solana/c4brfav9s7kvitugs42xv2yzfwzmb3xruur9nzd5qoiw
2026-10-03 05:08,BxftAowY2dVa2h9KMqDTPk4oMxzU9k6uVbZuoorXpump,Holdoween,ЖЁЛТЫЙ,0.0006572,639378,84254,21.8,За 24ч продаж (27748) заметно больше покупок (1575),https://dexscreener.com/solana/apy5fshcdsldyysh4hwgy8zsfj4at8fbkehzf3d72e9k
2026-10-03 11:25,3zKhzZhbfU2wgpaTwNTL6tietudCQFZFC9c3MuNRpump,LUNC,ЖЁЛТЫЙ,0.0001332,133271,36386,28.5,"Ликвидность $36,386 — низкая",https://dexscreener.com/solana/ardjvvx3nswprcqk4fo7abaaoel2oxgghzabbujnj7go
2026-10-03 13:18,AznQHuzyocZYUHWqszxs6cJtS8WwEuhzPzJoqYXTpump,SARP,ЖЁЛТЫЙ,0.0009275,909211,89938,10.1,Паре всего 16.4 ч — большинство рагов происходит в первые сутки,https://dexscreener.com/solana/esj3in8crzjthmspgydnpwchqmmspuq4lbsfitk8uyef
2026-10-03 22:31,GMs6WtQSRoqKcTq2JaGYPE2o55XKD58cJiLDyhUHYnr3,PIGEON,ЗЕЛЁНЫЙ,0.0003784,378418,60832,16.7,,https://dexscreener.com/solana/2ihbscf8wyzi235fmq1anhhgfexe1v2x6bzx1g8wck1b
2026-10-03 22:32,6e8LLHkqCTa4mzGuL1PoUxSfeHmDeceJ3DaJSSUNg937,ARTHUR,ЗЕЛЁНЫЙ,0.0006670,667049,79590,22.9,,https://dexscreener.com/solana/ftejc2f8dkl9q9rmrtten6axphndbr8dvnvdbex56p3h
2026-10-03 22:32,Adgt7dseCq71eN6GDuoUgpsNQp81ZNhq24nrF7pxpump,Noiz,ЖЁЛТЫЙ,0.0001133,108209,34974,22.1,"Ликвидность $34,974 — низкая",https://dexscreener.com/solana/8zvwlfww8kpbkotgdufn6bwtg6z12sfrehbuzm6uurvs
2026-10-03 22:33,DvNcJZTiSMD1RBCtZ2J31mh7s42CVCwrzGapv1Lypump,MICRO,ЗЕЛЁНЫЙ,0.0004312,411715,74848,15.7,,https://dexscreener.com/solana/mnnen34cbujj7pvfdb2pn7whgrvcmzctej4baguixob
2026-10-04 03:21,5GDX5fJTQns4arM1J94wjxdA8KXFsV5qW46MLFpHpump,OMNI,ЗЕЛЁНЫЙ,0.0004082,393374,66894,26.4,,https://dexscreener.com/solana/qvcymnis5qqjejrzpgbejnnkrqdnkhjttfk7v1xqu9d
